{
    "waypoints": [
    {
    	"lat1": 28.75417505,
    	"lon1": 77.11583065,
    	"alt1": 20
    },
    {
    	"lat2": 28.75409055,
    	"lon2": 77.11635881,
    	"alt2": 20
    },
    {
    	"lat3": 28.75367854,
    	"lon3": 77.11587440,
    	"alt3": 20
    },
    {
    	"lat4": 28.75317145,
    	"lon4": 77.11612745,
    	"alt4": 20
    }
    ]    
}
